"Name","Activity type","Description"
"Benton Township, OH","walking",""

"Segment","Point","Latitude (deg)","Longitude (deg)","Altitude (m)","Bearing (deg)","Accuracy (m)","Speed (m/s)","Time","Power (W)","Cadence (rpm)","Heart rate (bpm)"
"1","1","39.454684","-82.572833","235.0","","6","0","2015-10-11T19:48:42.527Z","","",""
"1","2","39.454717","-82.572747","227.0","31.0","5","0.25","2015-10-11T19:49:18.064Z","","",""
"1","3","39.454742","-82.572709","226.0","47.0","6","1.25","2015-10-11T19:49:18.945Z","","",""
"1","4","39.45476","-82.572597","217.0","","5","0","2015-10-11T19:49:28.006Z","","",""
"1","5","39.454766","-82.572589","217.0","","5","0","2015-10-11T19:49:28.950Z","","",""
"1","6","39.45478","-82.572476","221.0","63.0","5","0.75","2015-10-11T19:49:45.032Z","","",""
"1","7","39.454788","-82.572467","220.0","63.0","5","0.5","2015-10-11T19:49:45.941Z","","",""
"1","8","39.45486","-82.572407","217.0","63.0","10","0.5","2015-10-11T19:50:07.064Z","","",""
"1","9","39.45487","-82.572401","217.0","63.0","10","0.5","2015-10-11T19:50:07.986Z","","",""
"1","10","39.454949","-82.572352","214.0","63.0","11","0.5","2015-10-11T19:50:15.964Z","","",""
"1","11","39.454956","-82.57235","215.0","63.0","10","0.5","2015-10-11T19:50:16.896Z","","",""
"1","12","39.455032","-82.572316","213.0","63.0","11","0.5","2015-10-11T19:50:24.144Z","","",""
"1","13","39.455042","-82.572311","214.0","63.0","11","0.5","2015-10-11T19:50:24.968Z","","",""
"1","14","39.455121","-82.572273","212.0","63.0","11","0.5","2015-10-11T19:50:33.068Z","","",""
"1","15","39.455127","-82.572268","214.0","63.0","10","0.5","2015-10-11T19:50:33.939Z","","",""
"1","16","39.455181","-82.572186","216.0","63.0","10","0.75","2015-10-11T19:50:45.128Z","","",""
"1","17","39.455193","-82.572185","215.0","356.0","10","0.75","2015-10-11T19:50:45.942Z","","",""
"1","18","39.455277","-82.572149","219.0","13.0","11","0.5","2015-10-11T19:50:55.067Z","","",""
"1","19","39.455286","-82.572143","219.0","","10","0","2015-10-11T19:50:55.906Z","","",""
"1","20","39.455349","-82.572063","224.0","46.0","11","0.75","2015-10-11T19:51:05.993Z","","",""
"1","21","39.455356","-82.572055","221.0","42.0","10","0.75","2015-10-11T19:51:06.903Z","","",""
"1","22","39.455425","-82.571987","223.0","36.0","10","0.5","2015-10-11T19:51:20.148Z","","",""
"1","23","39.45543","-82.571974","223.0","","10","0","2015-10-11T19:51:20.946Z","","",""
"1","24","39.455519","-82.571961","225.0","36.0","5","0.75","2015-10-11T19:51:36.030Z","","",""
"1","25","39.455529","-82.571965","225.0","36.0","5","0.75","2015-10-11T19:51:36.923Z","","",""
"1","26","39.455602","-82.572005","234.0","36.0","5","0.5","2015-10-11T19:51:49.026Z","","",""
"1","27","39.455615","-82.572001","232.0","36.0","5","0.5","2015-10-11T19:51:49.955Z","","",""
"1","28","39.4557","-82.572015","237.0","36.0","6","0.5","2015-10-11T19:52:01.010Z","","",""
"1","29","39.455712","-82.572022","238.0","36.0","6","0.5","2015-10-11T19:52:01.922Z","","",""
"1","30","39.455783","-82.572088","237.0","36.0","6","0.5","2015-10-11T19:52:09.074Z","","",""
"1","31","39.455798","-82.572088","237.0","36.0","7","0.5","2015-10-11T19:52:09.927Z","","",""
"1","32","39.455882","-82.572099","237.0","36.0","7","0.75","2015-10-11T19:52:15.960Z","","",""
"1","33","39.455896","-82.572105","237.0","36.0","8","0.75","2015-10-11T19:52:16.899Z","","",""
"1","34","39.455974","-82.572162","241.0","","5","0","2015-10-11T19:52:27.017Z","","",""
"1","35","39.45598","-82.572167","240.0","","10","0","2015-10-11T19:52:27.933Z","","",""
"1","36","39.456058","-82.572213","244.0","","10","0","2015-10-11T19:52:37.057Z","","",""
"1","37","39.456066","-82.572216","243.0","","9","0","2015-10-11T19:52:37.922Z","","",""
"1","38","39.456152","-82.572244","246.0","322.0","10","0.25","2015-10-11T19:53:05.271Z","","",""
"1","39","39.456158","-82.572252","247.0","322.0","11","0.5","2015-10-11T19:53:05.913Z","","",""
"1","40","39.45622","-82.572326","248.0","322.0","11","0.5","2015-10-11T19:53:12.097Z","","",""
"1","41","39.456235","-82.572335","248.0","322.0","11","0.75","2015-10-11T19:53:12.989Z","","",""
"1","42","39.456312","-82.572377","249.0","","11","0","2015-10-11T19:53:17.030Z","","",""
"1","43","39.456334","-82.572384","248.0","","10","0","2015-10-11T19:53:17.946Z","","",""
"1","44","39.456416","-82.572424","251.0","322.0","12","0.25","2015-10-11T19:53:55.018Z","","",""
"1","45","39.456423","-82.572435","251.0","","11","0","2015-10-11T19:53:55.938Z","","",""
"1","46","39.456466","-82.572524","250.0","322.0","12","0.5","2015-10-11T19:54:22.103Z","","",""
"1","47","39.45648","-82.572534","245.0","322.0","12","0.5","2015-10-11T19:54:23.036Z","","",""
"1","48","39.456543","-82.572609","246.0","","12","0","2015-10-11T19:54:30.012Z","","",""
"1","49","39.45655","-82.572616","247.0","","12","0","2015-10-11T19:54:30.910Z","","",""
"1","50","39.456621","-82.572687","248.0","","11","0","2015-10-11T19:54:44.178Z","","",""
"1","51","39.456624","-82.572689","248.0","","11","0","2015-10-11T19:54:44.986Z","","",""
"1","52","39.456632","-82.572793","241.0","322.0","10","0.5","2015-10-11T19:55:08.262Z","","",""
"1","53","39.456633","-82.57281","241.0","","10","0","2015-10-11T19:55:09.253Z","","",""
"1","54","39.456647","-82.572913","236.0","322.0","11","0.5","2015-10-11T19:55:31.043Z","","",""
"1","55","39.45665","-82.572926","236.0","322.0","11","0.5","2015-10-11T19:55:31.912Z","","",""
"1","56","39.456639","-82.573033","243.0","322.0","10","0.5","2015-10-11T19:55:40.045Z","","",""
"1","57","39.456633","-82.573044","244.0","322.0","11","0.5","2015-10-11T19:55:40.987Z","","",""
"1","58","39.456596","-82.57314","248.0","252.0","11","0.75","2015-10-11T19:55:49.602Z","","",""
"1","59","39.456592","-82.573156","248.0","231.0","11","0.75","2015-10-11T19:55:49.897Z","","",""
"1","60","39.456571","-82.573263","249.0","220.0","11","0.75","2015-10-11T19:55:58.042Z","","",""
"1","61","39.456572","-82.573276","248.0","220.0","11","0.75","2015-10-11T19:55:59.027Z","","",""
"1","62","39.456573","-82.573383","251.0","220.0","10","0.75","2015-10-11T19:56:06.097Z","","",""
"1","63","39.456568","-82.573399","252.0","220.0","10","0.75","2015-10-11T19:56:06.960Z","","",""
"1","64","39.456547","-82.573507","254.0","220.0","11","0.75","2015-10-11T19:56:14.681Z","","",""
"1","65","39.45654","-82.573522","255.0","220.0","11","0.75","2015-10-11T19:56:14.894Z","","",""
"1","66","39.456515","-82.573622","252.0","220.0","10","0.75","2015-10-11T19:56:23.053Z","","",""
"1","67","39.456515","-82.573635","253.0","220.0","10","0.75","2015-10-11T19:56:23.934Z","","",""
"1","68","39.456482","-82.573728","255.0","255.0","10","1","2015-10-11T19:56:31.038Z","","",""
"1","69","39.456481","-82.573743","255.0","268.0","10","1","2015-10-11T19:56:31.925Z","","",""
"1","70","39.456527","-82.57383","257.0","303.0","4","0.5","2015-10-11T19:57:50.033Z","","",""
"1","71","39.456538","-82.573832","257.0","303.0","4","0.5","2015-10-11T19:57:50.934Z","","",""
"1","72","39.456612","-82.573871","256.0","303.0","4","0.75","2015-10-11T19:58:00.083Z","","",""
"1","73","39.45662","-82.57388","258.0","303.0","4","0.75","2015-10-11T19:58:00.982Z","","",""
"1","74","39.456661","-82.57398","258.0","303.0","6","0.75","2015-10-11T19:58:11.013Z","","",""
"1","75","39.456668","-82.573989","258.0","303.0","7","0.75","2015-10-11T19:58:11.941Z","","",""
"1","76","39.45673","-82.574066","256.0","336.0","5","0.25","2015-10-11T19:58:21.026Z","","",""
"1","77","39.456731","-82.574073","258.0","","5","0","2015-10-11T19:58:21.941Z","","",""
"1","78","39.456797","-82.574136","259.0","","10","0","2015-10-11T19:59:05.047Z","","",""
"1","79","39.456804","-82.574141","259.0","","10","0","2015-10-11T19:59:05.926Z","","",""
"1","80","39.456878","-82.574183","266.0","","11","0","2015-10-11T19:59:24.064Z","","",""
"1","81","39.456889","-82.574192","265.0","","11","0","2015-10-11T19:59:24.932Z","","",""
"1","82","39.456951","-82.574264","263.0","336.0","12","0.5","2015-10-11T19:59:42.649Z","","",""
"1","83","39.456955","-82.574275","264.0","336.0","12","0.5","2015-10-11T19:59:42.903Z","","",""
"1","84","39.456963","-82.574369","263.0","336.0","12","0.75","2015-10-11T19:59:47.994Z","","",""
"1","85","39.456961","-82.574392","265.0","336.0","11","0.5","2015-10-11T19:59:48.927Z","","",""
"1","86","39.456984","-82.574489","255.0","336.0","11","0.5","2015-10-11T19:59:54.235Z","","",""
"1","87","39.45698","-82.574509","256.0","336.0","11","0.75","2015-10-11T19:59:54.987Z","","",""
"1","88","39.456941","-82.574608","256.0","218.0","10","0.75","2015-10-11T20:00:01.965Z","","",""
"1","89","39.456938","-82.574616","255.0","218.0","10","0.75","2015-10-11T20:00:02.914Z","","",""
"1","90","39.456897","-82.574714","259.0","","4","0","2015-10-11T20:01:46.039Z","","",""
"1","91","39.456894","-82.574719","261.0","","4","0","2015-10-11T20:01:46.915Z","","",""
"1","92","39.456915","-82.574828","262.0","218.0","4","0.5","2015-10-11T20:02:14.122Z","","",""
"1","93","39.456917","-82.574832","260.0","218.0","3.9","0.5","2015-10-11T20:02:14.993Z","","",""
"1","94","39.456947","-82.574937","264.0","","6","0","2015-10-11T20:02:32.323Z","","",""
"1","95","39.456948","-82.574941","264.0","","7","0","2015-10-11T20:02:32.938Z","","",""
"1","96","39.457024","-82.575","257.0","","4","0","2015-10-11T20:03:23.124Z","","",""
"1","97","39.457025","-82.575","257.0","","4","0","2015-10-11T20:03:23.948Z","","",""
"1","98","39.45711","-82.574996","259.0","218.0","4","0.5","2015-10-11T20:03:49.116Z","","",""
"1","99","39.457118","-82.574992","260.0","","4","0","2015-10-11T20:03:49.927Z","","",""
"1","100","39.457205","-82.574999","257.0","218.0","3.9","0.75","2015-10-11T20:04:20.004Z","","",""
"1","101","39.457217","-82.574998","258.0","218.0","3.9","0.5","2015-10-11T20:04:20.920Z","","",""
"1","102","39.457299","-82.575022","260.0","218.0","4","0.5","2015-10-11T20:04:30.007Z","","",""
"1","103","39.45731","-82.575022","259.0","218.0","3.9","0.5","2015-10-11T20:04:30.913Z","","",""
"1","104","39.457392","-82.574976","261.0","218.0","9","0.75","2015-10-11T20:04:42.671Z","","",""
"1","105","39.457398","-82.574972","262.0","218.0","10","0.5","2015-10-11T20:04:42.887Z","","",""
"1","106","39.457468","-82.574916","259.0","218.0","10","0.5","2015-10-11T20:05:16.013Z","","",""
"1","107","39.45748","-82.574903","257.0","218.0","11","0.5","2015-10-11T20:05:16.913Z","","",""
"1","108","39.457532","-82.574858","261.0","218.0","12","0.75","2015-10-11T20:05:21.284Z","","",""
"1","109","39.457554","-82.574836","261.0","","12","0","2015-10-11T20:05:21.912Z","","",""
"1","110","39.457639","-82.574822","263.0","","10","0","2015-10-11T20:05:29.005Z","","",""
"1","111","39.457651","-82.574823","264.0","","10","0","2015-10-11T20:05:29.904Z","","",""
"1","112","39.457737","-82.574849","261.0","218.0","11","0.5","2015-10-11T20:05:45.023Z","","",""
"1","113","39.457752","-82.574856","261.0","218.0","11","0.5","2015-10-11T20:05:45.915Z","","",""
"1","114","39.457839","-82.574877","262.0","358.0","11","0.75","2015-10-11T20:05:51.033Z","","",""
"1","115","39.457855","-82.574882","261.0","356.0","11","0.75","2015-10-11T20:05:51.915Z","","",""
"1","116","39.457924","-82.5749","264.0","339.0","14","1","2015-10-11T20:05:55.998Z","","",""
"1","117","39.457943","-82.574905","262.0","336.0","13","1","2015-10-11T20:05:56.907Z","","",""
"1","118","39.45803","-82.5749","263.0","15.0","11","0.75","2015-10-11T20:06:03.276Z","","",""
"1","119","39.458039","-82.574898","264.0","10.0","11","0.75","2015-10-11T20:06:04.028Z","","",""
"1","120","39.45811","-82.574952","260.0","4.0","11","0.5","2015-10-11T20:06:36.006Z","","",""
"1","121","39.458111","-82.57497","262.0","4.0","12","0.5","2015-10-11T20:06:36.995Z","","",""
"1","122","39.45811","-82.575079","266.0","","11","0","2015-10-11T20:06:43.282Z","","",""
"1","123","39.458113","-82.575087","265.0","","11","0","2015-10-11T20:06:43.930Z","","",""
"1","124","39.458185","-82.575153","265.0","","11","0","2015-10-11T20:07:21.015Z","","",""
"1","125","39.458185","-82.575167","265.0","","12","0","2015-10-11T20:07:22.017Z","","",""
"1","126","39.458211","-82.57527","271.0","","11","0","2015-10-11T20:07:30.025Z","","",""
"1","127","39.458216","-82.575281","273.0","","11","0","2015-10-11T20:07:30.910Z","","",""
"1","128","39.458261","-82.575371","272.0","317.0","11","0.5","2015-10-11T20:07:37.979Z","","",""
"1","129","39.458262","-82.575386","271.0","317.0","11","0.5","2015-10-11T20:07:38.912Z","","",""
"1","130","39.458239","-82.575495","269.0","317.0","10","0.5","2015-10-11T20:07:47.656Z","","",""
"1","131","39.458243","-82.575513","267.0","","9","0","2015-10-11T20:07:47.890Z","","",""
"1","132","39.458206","-82.575609","265.0","317.0","9","0.5","2015-10-11T20:08:08.090Z","","",""
"1","133","39.458201","-82.57562","265.0","317.0","10","0.5","2015-10-11T20:08:08.898Z","","",""
"1","134","39.458164","-82.57572","264.0","317.0","10","0.75","2015-10-11T20:08:18.628Z","","",""
"1","135","39.458166","-82.575732","263.0","317.0","10","0.75","2015-10-11T20:08:18.891Z","","",""
"1","136","39.458207","-82.575835","255.0","317.0","10","0.25","2015-10-11T20:08:41.377Z","","",""
"1","137","39.458212","-82.575846","255.0","","10","0","2015-10-11T20:08:41.907Z","","",""
"1","138","39.458221","-82.575958","257.0","","10","0","2015-10-11T20:09:24.999Z","","",""
"1","139","39.458222","-82.575969","256.0","","10","0","2015-10-11T20:09:25.937Z","","",""
"1","140","39.458239","-82.576081","255.0","317.0","10","0.5","2015-10-11T20:09:35.008Z","","",""
"1","141","39.458244","-82.576096","254.0","317.0","10","0.75","2015-10-11T20:09:35.909Z","","",""
"1","142","39.458278","-82.576197","255.0","317.0","10","0.5","2015-10-11T20:09:44.002Z","","",""
"1","143","39.458283","-82.576207","254.0","317.0","10","0.5","2015-10-11T20:09:44.914Z","","",""
"1","144","39.458347","-82.576276","254.0","317.0","10","0.5","2015-10-11T20:09:54.052Z","","",""
"1","145","39.458355","-82.576293","254.0","","9","0","2015-10-11T20:09:54.913Z","","",""
"1","146","39.458417","-82.576369","258.0","317.0","9","0.5","2015-10-11T20:10:13.132Z","","",""
"1","147","39.458423","-82.576376","258.0","","9","0","2015-10-11T20:10:13.925Z","","",""
"1","148","39.458488","-82.576448","257.0","317.0","10","0.75","2015-10-11T20:10:28.268Z","","",""
"1","149","39.458495","-82.576457","257.0","317.0","9","0.5","2015-10-11T20:10:28.906Z","","",""
"1","150","39.458563","-82.576503","257.0","317.0","9","0.5","2015-10-11T20:10:34.945Z","","",""
"1","151","39.45858","-82.576515","258.0","","9","0","2015-10-11T20:10:35.918Z","","",""
"1","152","39.458659","-82.576545","257.0","317.0","10","0.5","2015-10-11T20:10:50.958Z","","",""
"1","153","39.458666","-82.576548","258.0","317.0","9","0.25","2015-10-11T20:10:52.040Z","","",""
"1","154","39.458755","-82.576545","257.0","","10","0","2015-10-11T20:11:05.037Z","","",""
"1","155","39.458758","-82.576545","257.0","","10","0","2015-10-11T20:11:05.994Z","","",""
"1","156","39.458846","-82.576555","262.0","317.0","11","0.75","2015-10-11T20:11:25.980Z","","",""
"1","157","39.458856","-82.576559","261.0","317.0","11","0.75","2015-10-11T20:11:26.913Z","","",""
"1","158","39.458942","-82.576585","267.0","","10","0","2015-10-11T20:11:47.689Z","","",""
"1","159","39.45895","-82.576591","267.0","","9","0","2015-10-11T20:11:47.885Z","","",""
"1","160","39.459033","-82.576632","265.0","","9","0","2015-10-11T20:11:57.729Z","","",""
"1","161","39.45904","-82.576636","263.0","","9","0","2015-10-11T20:11:58.027Z","","",""
"1","162","39.459115","-82.576692","265.0","","10","0","2015-10-11T20:12:17.997Z","","",""
"1","163","39.459121","-82.576695","265.0","","10","0","2015-10-11T20:12:19.017Z","","",""
"1","164","39.459201","-82.576745","261.0","","10","0","2015-10-11T20:12:33.470Z","","",""
"1","165","39.459209","-82.576752","261.0","","9","0","2015-10-11T20:12:33.897Z","","",""
"1","166","39.459262","-82.57683","259.0","317.0","9","0.5","2015-10-11T20:12:55.984Z","","",""
"1","167","39.459268","-82.576842","258.0","317.0","10","0.5","2015-10-11T20:12:56.916Z","","",""
"1","168","39.459335","-82.576911","257.0","317.0","10","0.25","2015-10-11T20:13:07.736Z","","",""
"1","169","39.459338","-82.576919","258.0","","10","0","2015-10-11T20:13:07.895Z","","",""
"1","170","39.459398","-82.576998","255.0","","10","0","2015-10-11T20:13:18.997Z","","",""
"1","171","39.459401","-82.577005","256.0","","10","0","2015-10-11T20:13:19.917Z","","",""
"1","172","39.45946","-82.577087","255.0","","10","0","2015-10-11T20:13:38.103Z","","",""
"1","173","39.459464","-82.577099","255.0","","10","0","2015-10-11T20:13:39.057Z","","",""
"1","174","39.459532","-82.577155","253.0","317.0","10","0.5","2015-10-11T20:14:07.070Z","","",""
"1","175","39.459544","-82.577158","254.0","317.0","10","0.5","2015-10-11T20:14:08.040Z","","",""
"1","176","39.459624","-82.577173","256.0","317.0","10","0.5","2015-10-11T20:14:15.028Z","","",""
"1","177","39.459639","-82.577175","257.0","","10","0","2015-10-11T20:14:15.945Z","","",""
"1","178","39.459723","-82.577197","265.0","317.0","11","0.5","2015-10-11T20:14:28.233Z","","",""
"1","179","39.459733","-82.577196","267.0","317.0","11","0.5","2015-10-11T20:14:28.904Z","","",""
"1","180","39.459815","-82.577159","268.0","317.0","10","0.5","2015-10-11T20:14:38.281Z","","",""
"1","181","39.459824","-82.577159","267.0","317.0","10","0.5","2015-10-11T20:14:38.991Z","","",""
"1","182","39.459903","-82.577119","279.0","317.0","9","0.5","2015-10-11T20:14:56.071Z","","",""
"1","183","39.459913","-82.577111","275.0","","9","0","2015-10-11T20:14:57.004Z","","",""
"1","184","39.459992","-82.577062","274.0","","10","0","2015-10-11T20:15:18.302Z","","",""
"1","185","39.459996","-82.577057","275.0","","10","0","2015-10-11T20:15:18.992Z","","",""
"1","186","39.460081","-82.577044","272.0","","10","0","2015-10-11T20:16:30.061Z","","",""
"1","187","39.460087","-82.577046","273.0","","10","0","2015-10-11T20:16:30.917Z","","",""
"1","188","39.460167","-82.577048","272.0","","11","0","2015-10-11T20:16:55.938Z","","",""
"1","189","39.460179","-82.577049","271.0","","11","0","2015-10-11T20:16:56.887Z","","",""
"1","190","39.460247","-82.577123","266.0","317.0","10","0.5","2015-10-11T20:17:26.040Z","","",""
"1","191","39.460247","-82.577136","268.0","317.0","11","0.5","2015-10-11T20:17:26.875Z","","",""
"1","192","39.460255","-82.577241","262.0","317.0","10","0.5","2015-10-11T20:17:36.994Z","","",""
"1","193","39.460257","-82.577257","261.0","317.0","10","0.5","2015-10-11T20:17:37.921Z","","",""
"1","194","39.460206","-82.577345","253.0","208.0","11","0.5","2015-10-11T20:17:59.018Z","","",""
"1","195","39.460208","-82.577356","253.0","208.0","10","0.5","2015-10-11T20:17:59.990Z","","",""
"1","196","39.460178","-82.577462","259.0","","10","0","2015-10-11T20:18:12.780Z","","",""
"1","197","39.460179","-82.577468","259.0","","10","0","2015-10-11T20:18:12.966Z","","",""
"1","198","39.460161","-82.577579","257.0","208.0","10","0.25","2015-10-11T20:18:30.966Z","","",""
"1","199","39.460163","-82.577587","255.0","","10","0","2015-10-11T20:18:31.872Z","","",""
"1","200","39.460182","-82.577692","260.0","208.0","11","0.5","2015-10-11T20:18:58.977Z","","",""
"1","201","39.460189","-82.577708","259.0","208.0","10","0.5","2015-10-11T20:18:59.928Z","","",""
"1","202","39.460246","-82.577786","262.0","208.0","9","0.5","2015-10-11T20:19:13.117Z","","",""
"1","203","39.460253","-82.577789","262.0","208.0","9","0.5","2015-10-11T20:19:13.875Z","","",""
"1","204","39.460298","-82.577885","258.0","208.0","4","0.5","2015-10-11T20:19:27.074Z","","",""
"1","205","39.460303","-82.577894","257.0","208.0","4","0.5","2015-10-11T20:19:27.998Z","","",""
"1","206","39.460324","-82.577994","256.0","208.0","5","0.75","2015-10-11T20:19:36.094Z","","",""
"1","207","39.460329","-82.578008","258.0","208.0","5","0.75","2015-10-11T20:19:36.954Z","","",""
"1","208","39.460396","-82.578077","261.0","208.0","6","0.5","2015-10-11T20:20:04.958Z","","",""
"1","209","39.460406","-82.578084","260.0","208.0","7","0.5","2015-10-11T20:20:05.900Z","","",""
"1","210","39.460488","-82.578113","260.0","","7","0","2015-10-11T20:20:12.930Z","","",""
"1","211","39.460514","-82.578123","260.0","","7","0","2015-10-11T20:20:19.253Z","","",""
"1","212","39.460589","-82.57818","259.0","","11","0","2015-10-11T20:20:46.003Z","","",""
"1","213","39.460602","-82.578191","259.0","","11","0","2015-10-11T20:20:46.907Z","","",""
"1","214","39.460663","-82.578272","256.0","","13","0","2015-10-11T20:21:02.066Z","","",""
"1","215","39.460672","-82.578284","256.0","","13","0","2015-10-11T20:21:02.893Z","","",""
"1","216","39.460695","-82.578396","257.0","","11","0","2015-10-11T20:21:28.114Z","","",""
"1","217","39.460695","-82.578396","257.0","","11","0","2015-10-11T20:21:28.875Z","","",""
"1","218","39.460724","-82.5785","249.0","","13","0","2015-10-11T20:21:41.003Z","","",""
"1","219","39.460731","-82.57851","249.0","","13","0","2015-10-11T20:21:41.891Z","","",""
"1","220","39.460789","-82.578593","243.0","208.0","14","0.5","2015-10-11T20:21:58.255Z","","",""
"1","221","39.460794","-82.578607","243.0","208.0","14","0.5","2015-10-11T20:21:58.870Z","","",""
"1","222","39.460825","-82.578705","246.0","","14","0","2015-10-11T20:22:05.995Z","","",""
"1","223","39.46083","-82.578718","245.0","","14","0","2015-10-11T20:22:06.880Z","","",""
"1","224","39.46088","-82.578812","249.0","338.0","14","1","2015-10-11T20:22:27.073Z","","",""
"1","225","39.460912","-82.57884","240.0","338.0","14","1.5","2015-10-11T20:22:28.002Z","","",""
"1","226","39.460974","-82.578908","241.0","324.0","13","1.25","2015-10-11T20:22:29.989Z","","",""
"1","227","39.461","-82.578938","243.0","315.0","14","1","2015-10-11T20:22:30.939Z","","",""
"1","228","39.461035","-82.57899","245.0","309.0","13","0.5","2015-10-11T20:22:33.031Z","","",""
"1","229","39.461061","-82.579032","246.0","","13","0","2015-10-11T20:22:33.871Z","","",""
"1","230","39.461113","-82.579122","252.0","309.0","12","0.25","2015-10-11T20:22:40.043Z","","",""
"1","231","39.461118","-82.579133","255.0","309.0","12","0.25","2015-10-11T20:22:40.929Z","","",""
"1","232","39.461169","-82.579224","254.0","309.0","12","0.5","2015-10-11T20:22:48.189Z","","",""
"1","233","39.461178","-82.579258","254.0","","11","0","2015-10-11T20:22:48.902Z","","",""
"1","234","39.461204","-82.579365","257.0","","10","0","2015-10-11T20:22:58.198Z","","",""
"1","235","39.461207","-82.57937","257.0","","10","0","2015-10-11T20:22:58.892Z","","",""
"1","236","39.461243","-82.57947","259.0","","11","0","2015-10-11T20:23:14.971Z","","",""
"1","237","39.461245","-82.579476","259.0","","11","0","2015-10-11T20:23:15.913Z","","",""
"1","238","39.461232","-82.579586","265.0","","10","0","2015-10-11T20:23:34.009Z","","",""
"1","239","39.46123","-82.579595","265.0","","10","0","2015-10-11T20:23:34.916Z","","",""
"1","240","39.461242","-82.579703","267.0","","11","0","2015-10-11T20:23:47.944Z","","",""
"1","241","39.461244","-82.579714","268.0","","12","0","2015-10-11T20:23:49.000Z","","",""
"1","242","39.461312","-82.579783","263.0","","11","0","2015-10-11T20:24:04.088Z","","",""
"1","243","39.461316","-82.579794","264.0","","11","0","2015-10-11T20:24:04.986Z","","",""
"1","244","39.461346","-82.579891","264.0","309.0","11","0.5","2015-10-11T20:24:15.987Z","","",""
"1","245","39.461343","-82.579909","259.0","309.0","11","0.75","2015-10-11T20:24:16.925Z","","",""
"1","246","39.461334","-82.580018","263.0","","13","0","2015-10-11T20:24:29.010Z","","",""
"1","247","39.461331","-82.580024","263.0","","13","0","2015-10-11T20:24:29.937Z","","",""
"1","248","39.461365","-82.580126","260.0","","10","0","2015-10-11T20:27:42.956Z","","",""
"1","249","39.461372","-82.580137","258.0","","9","0","2015-10-11T20:27:43.903Z","","",""
"1","250","39.461386","-82.580236","264.0","309.0","11","0.5","2015-10-11T20:28:13.469Z","","",""
"1","251","39.461378","-82.580258","265.0","245.0","11","0.75","2015-10-11T20:28:13.903Z","","",""
"1","252","39.461387","-82.580371","264.0","290.0","11","0.75","2015-10-11T20:28:22.114Z","","",""
"1","253","39.461401","-82.580381","262.0","290.0","11","0.75","2015-10-11T20:28:22.977Z","","",""
"1","254","39.461466","-82.580451","254.0","290.0","10","0.75","2015-10-11T20:28:28.973Z","","",""
"1","255","39.461478","-82.580461","253.0","290.0","10","0.75","2015-10-11T20:28:29.991Z","","",""
"1","256","39.461566","-82.580449","259.0","","10","0","2015-10-11T20:29:02.796Z","","",""
"1","257","39.461569","-82.580446","259.0","290.0","10","0.5","2015-10-11T20:29:02.948Z","","",""
"1","258","39.461628","-82.580528","258.0","290.0","11","0.5","2015-10-11T20:29:13.017Z","","",""
"1","259","39.461633","-82.580539","260.0","290.0","11","0.5","2015-10-11T20:29:13.908Z","","",""
"1","260","39.461701","-82.580607","261.0","","11","0","2015-10-11T20:29:25.015Z","","",""
"1","261","39.461707","-82.58061","261.0","","10","0","2015-10-11T20:29:25.976Z","","",""
"1","262","39.461767","-82.580696","260.0","","10","0","2015-10-11T20:29:51.065Z","","",""
"1","263","39.461768","-82.580705","259.0","","10","0","2015-10-11T20:29:52.057Z","","",""
"1","264","39.461778","-82.580812","260.0","290.0","11","0.5","2015-10-11T20:30:08.017Z","","",""
"1","265","39.461773","-82.580826","261.0","290.0","11","0.75","2015-10-11T20:30:08.898Z","","",""
"1","266","39.461791","-82.580915","256.0","290.0","11","0.75","2015-10-11T20:30:14.022Z","","",""
"1","267","39.461798","-82.580937","256.0","","11","0","2015-10-11T20:30:14.959Z","","",""
"1","268","39.461812","-82.581046","257.0","","10","0","2015-10-11T20:30:23.925Z","","",""
"1","269","39.461814","-82.581052","257.0","","10","0","2015-10-11T20:30:24.894Z","","",""
"1","270","39.461842","-82.581155","251.0","290.0","10","0.5","2015-10-11T20:30:48.909Z","","",""
"1","271","39.46185","-82.581171","249.0","290.0","10","0.5","2015-10-11T20:30:49.866Z","","",""
"1","272","39.461805","-82.581264","265.0","290.0","11","0.5","2015-10-11T20:31:09.505Z","","",""
"1","273","39.461793","-82.581262","265.0","290.0","10","0.5","2015-10-11T20:31:09.867Z","","",""
"1","274","39.46171","-82.581246","267.0","290.0","10","0.5","2015-10-11T20:31:30.993Z","","",""
"1","275","39.461703","-82.581236","269.0","290.0","10","0.75","2015-10-11T20:31:31.898Z","","",""
"1","276","39.461641","-82.581151","270.0","","10","0","2015-10-11T20:31:38.099Z","","",""
"1","277","39.461634","-82.581139","270.0","","10","0","2015-10-11T20:31:38.904Z","","",""
"1","278","39.461562","-82.581089","271.0","","9","0","2015-10-11T20:31:54.087Z","","",""
"1","279","39.461553","-82.581086","271.0","","9","0","2015-10-11T20:31:54.873Z","","",""
"1","280","39.461484","-82.581022","269.0","133.0","10","0.5","2015-10-11T20:32:06.960Z","","",""
"1","281","39.461476","-82.581012","269.0","133.0","11","0.5","2015-10-11T20:32:07.893Z","","",""
"1","282","39.461436","-82.580911","265.0","100.0","12","1","2015-10-11T20:32:14.954Z","","",""
"1","283","39.461429","-82.58089","265.0","106.0","11","1.25","2015-10-11T20:32:15.932Z","","",""
"1","284","39.461398","-82.580827","268.0","106.0","7","0.75","2015-10-11T20:32:18.952Z","","",""
"1","285","39.46134","-82.580783","271.0","106.0","5","0.75","2015-10-11T20:32:25.962Z","","",""
"1","286","39.461276","-82.580702","270.0","106.0","4","0.75","2015-10-11T20:32:35.028Z","","",""
"1","287","39.461271","-82.580698","269.0","106.0","5","0.75","2015-10-11T20:32:35.869Z","","",""
"1","288","39.461198","-82.580637","270.0","","4","0","2015-10-11T20:32:47.952Z","","",""
"1","289","39.461192","-82.58063","271.0","","4","0","2015-10-11T20:32:48.954Z","","",""
"1","290","39.461147","-82.580531","267.0","106.0","6","0.5","2015-10-11T20:33:11.954Z","","",""
"1","291","39.461143","-82.580517","266.0","106.0","6","0.5","2015-10-11T20:33:12.909Z","","",""
"1","292","39.461113","-82.58041","268.0","","6","0","2015-10-11T20:33:23.469Z","","",""
"1","293","39.461111","-82.580408","267.0","","5","0","2015-10-11T20:33:23.873Z","","",""
"1","294","39.461056","-82.580327","265.0","106.0","10","0.5","2015-10-11T20:33:35.082Z","","",""
"1","295","39.461051","-82.580314","267.0","106.0","10","0.75","2015-10-11T20:33:35.856Z","","",""
"1","296","39.461009","-82.580221","273.0","111.0","10","1.25","2015-10-11T20:33:42.943Z","","",""
"1","297","39.461004","-82.580208","272.0","115.0","10","0.75","2015-10-11T20:33:43.896Z","","",""
"1","298","39.460974","-82.580108","264.0","115.0","10","0.5","2015-10-11T20:34:02.945Z","","",""
"1","299","39.460969","-82.580098","264.0","115.0","10","0.75","2015-10-11T20:34:03.899Z","","",""
"1","300","39.460901","-82.580024","264.0","115.0","11","0.25","2015-10-11T20:34:16.994Z","","",""
"1","301","39.460891","-82.580017","266.0","","10","0","2015-10-11T20:34:17.968Z","","",""
"1","302","39.460804","-82.580009","266.0","115.0","10","0.25","2015-10-11T20:34:35.961Z","","",""
"1","303","39.460797","-82.58001","268.0","115.0","10","0.25","2015-10-11T20:34:36.927Z","","",""
"1","304","39.460718","-82.58001","268.0","115.0","10","0.5","2015-10-11T20:34:44.962Z","","",""
"1","305","39.460705","-82.580009","268.0","115.0","10","0.5","2015-10-11T20:34:45.900Z","","",""
"1","306","39.460644","-82.579931","265.0","86.0","11","1","2015-10-11T20:35:02.756Z","","",""
"1","307","39.460645","-82.579903","264.0","82.0","11","1.5","2015-10-11T20:35:02.913Z","","",""
"1","308","39.460634","-82.579797","265.0","97.0","11","0.75","2015-10-11T20:35:09.951Z","","",""
"1","309","39.460628","-82.579773","265.0","","10","0","2015-10-11T20:35:10.898Z","","",""
"1","310","39.460586","-82.579673","268.0","97.0","12","0.5","2015-10-11T20:37:45.017Z","","",""
"1","311","39.460573","-82.579671","268.0","97.0","11","0.5","2015-10-11T20:37:45.884Z","","",""
"1","312","39.460484","-82.579661","269.0","","10","0","2015-10-11T20:38:02.968Z","","",""
"1","313","39.460482","-82.579663","269.0","","10","0","2015-10-11T20:38:04.188Z","","",""
"1","314","39.460401","-82.57963","261.0","97.0","11","0.75","2015-10-11T20:38:16.969Z","","",""
"1","315","39.460392","-82.579617","259.0","97.0","12","0.75","2015-10-11T20:38:17.960Z","","",""
"1","316","39.460325","-82.57954","262.0","166.0","11","0.75","2015-10-11T20:38:24.034Z","","",""
"1","317","39.460319","-82.579528","262.0","","10","0","2015-10-11T20:38:24.965Z","","",""
"1","318","39.460239","-82.579473","257.0","","10","0","2015-10-11T20:39:38.525Z","","",""
"1","319","39.460235","-82.579469","256.0","","10","0","2015-10-11T20:39:38.857Z","","",""
"1","320","39.460192","-82.579369","258.0","","10","0","2015-10-11T20:39:46.992Z","","",""
"1","321","39.460189","-82.579362","258.0","166.0","11","0.25","2015-10-11T20:39:47.895Z","","",""
"1","322","39.460113","-82.579305","261.0","","10","0","2015-10-11T20:40:01.991Z","","",""
"1","323","39.46011","-82.579305","261.0","","10","0","2015-10-11T20:40:02.904Z","","",""
"1","324","39.460028","-82.579334","264.0","166.0","11","0.5","2015-10-11T20:40:23.052Z","","",""
"1","325","39.460017","-82.579337","265.0","","11","0","2015-10-11T20:40:23.987Z","","",""
"1","326","39.459952","-82.579416","271.0","","10","0","2015-10-11T20:41:28.965Z","","",""
"1","327","39.459951","-82.579426","271.0","","10","0","2015-10-11T20:41:29.952Z","","",""
"1","328","39.459917","-82.579524","259.0","255.0","13","0.5","2015-10-11T20:43:23.408Z","","",""
"1","329","39.459911","-82.579534","260.0","255.0","13","0.5","2015-10-11T20:43:23.850Z","","",""
"1","330","39.459829","-82.579524","264.0","","12","0","2015-10-11T20:43:31.948Z","","",""
"1","331","39.459817","-82.579523","264.0","","12","0","2015-10-11T20:43:32.875Z","","",""
"1","332","39.459747","-82.57946","260.0","110.0","11","0.75","2015-10-11T20:43:41.020Z","","",""
"1","333","39.459741","-82.579442","260.0","102.0","11","0.75","2015-10-11T20:43:41.986Z","","",""
"1","334","39.459667","-82.579381","262.0","","10","0","2015-10-11T20:43:51.023Z","","",""
"1","335","39.459661","-82.579382","262.0","","10","0","2015-10-11T20:43:51.988Z","","",""
"1","336","39.459672","-82.579272","260.0","","11","0","2015-10-11T20:44:29.957Z","","",""
"1","337","39.459672","-82.579261","260.0","","11","0","2015-10-11T20:44:30.849Z","","",""
"1","338","39.45965","-82.57916","266.0","102.0","10","0.5","2015-10-11T20:44:49.974Z","","",""
"1","339","39.459646","-82.579143","270.0","102.0","10","0.5","2015-10-11T20:44:51.025Z","","",""
"1","340","39.459655","-82.579027","266.0","102.0","10","0.5","2015-10-11T20:44:57.006Z","","",""
"1","341","39.459654","-82.579008","267.0","102.0","11","0.75","2015-10-11T20:44:57.890Z","","",""
"1","342","39.459628","-82.578901","270.0","102.0","10","0.75","2015-10-11T20:45:03.125Z","","",""
"1","343","39.459624","-82.57888","269.0","102.0","11","0.75","2015-10-11T20:45:03.928Z","","",""
"1","344","39.459612","-82.578767","270.0","102.0","10","0.75","2015-10-11T20:45:09.959Z","","",""
"1","345","39.459618","-82.57875","271.0","102.0","10","0.75","2015-10-11T20:45:11.004Z","","",""
"1","346","39.459626","-82.57864","271.0","102.0","9","0.25","2015-10-11T20:45:18.185Z","","",""
"1","347","39.459624","-82.578633","272.0","102.0","10","0.5","2015-10-11T20:45:19.136Z","","",""
"1","348","39.459613","-82.578518","270.0","102.0","10","0.75","2015-10-11T20:45:28.257Z","","",""
"1","349","39.459605","-82.578508","270.0","102.0","10","0.75","2015-10-11T20:45:28.877Z","","",""
"1","350","39.459553","-82.578413","266.0","102.0","10","0.5","2015-10-11T20:45:51.056Z","","",""
"1","351","39.459547","-82.578408","266.0","102.0","10","0.5","2015-10-11T20:45:51.964Z","","",""
"1","352","39.459475","-82.578342","263.0","","10","0","2015-10-11T20:46:04.991Z","","",""
"1","353","39.45947","-82.578337","264.0","","9","0","2015-10-11T20:46:05.918Z","","",""
"1","354","39.459397","-82.578271","262.0","102.0","10","0.25","2015-10-11T20:46:31.951Z","","",""
"1","355","39.459394","-82.578266","260.0","102.0","10","0.25","2015-10-11T20:46:32.886Z","","",""
"1","356","39.459325","-82.578195","264.0","102.0","10","0.5","2015-10-11T20:46:44.000Z","","",""
"1","357","39.459314","-82.578199","263.0","102.0","10","0.5","2015-10-11T20:46:44.868Z","","",""
"1","358","39.459228","-82.578177","263.0","","10","0","2015-10-11T20:46:56.036Z","","",""
"1","359","39.459224","-82.578176","263.0","","10","0","2015-10-11T20:46:56.947Z","","",""
"1","360","39.459184","-82.578164","263.0","102.0","10","0.5","2015-10-11T20:47:08.565Z","","",""
"1","361","39.459118","-82.578134","263.0","146.0","6","1.25","2015-10-11T20:47:10.025Z","","",""
"1","362","39.459033","-82.578106","258.0","135.0","10","0.5","2015-10-11T20:48:44.631Z","","",""
"1","363","39.459022","-82.578108","256.0","135.0","10","0.5","2015-10-11T20:48:44.841Z","","",""
"1","364","39.458939","-82.578148","257.0","135.0","11","0.75","2015-10-11T20:48:51.995Z","","",""
"1","365","39.458923","-82.578161","258.0","135.0","11","0.75","2015-10-11T20:48:52.977Z","","",""
"1","366","39.458841","-82.578203","260.0","","11","0","2015-10-11T20:49:00.024Z","","",""
"1","367","39.458832","-82.578207","259.0","","11","0","2015-10-11T20:49:00.886Z","","",""
"1","368","39.458743","-82.578193","267.0","135.0","11","0.5","2015-10-11T20:49:16.035Z","","",""
"1","369","39.458733","-82.578194","267.0","135.0","10","0.5","2015-10-11T20:49:16.897Z","","",""
"1","370","39.458644","-82.578183","261.0","","10","0","2015-10-11T20:49:25.944Z","","",""
"1","371","39.458642","-82.578185","261.0","","10","0","2015-10-11T20:49:26.885Z","","",""
"1","372","39.458554","-82.578165","259.0","135.0","11","0.75","2015-10-11T20:49:40.243Z","","",""
"1","373","39.458539","-82.578162","258.0","162.0","12","0.75","2015-10-11T20:49:40.880Z","","",""
"1","374","39.458457","-82.578147","259.0","166.0","11","0.75","2015-10-11T20:49:46.083Z","","",""
"1","375","39.458443","-82.578151","261.0","","11","0","2015-10-11T20:49:46.841Z","","",""
"1","376","39.458388","-82.57824","262.0","166.0","10","0.75","2015-10-11T20:49:59.968Z","","",""
"1","377","39.458384","-82.578252","260.0","166.0","10","0.5","2015-10-11T20:50:00.881Z","","",""
"1","378","39.458311","-82.578313","266.0","","9","0","2015-10-11T20:50:15.051Z","","",""
"1","379","39.458305","-82.578312","266.0","","9","0","2015-10-11T20:50:15.963Z","","",""
"1","380","39.458216","-82.578294","264.0","166.0","10","0.5","2015-10-11T20:50:38.626Z","","",""
"1","381","39.458202","-82.578297","263.0","","10","0","2015-10-11T20:50:38.841Z","","",""
"1","382","39.45812","-82.578268","261.0","","10","0","2015-10-11T20:50:49.059Z","","",""
"1","383","39.45811","-82.578264","261.0","","10","0","2015-10-11T20:50:49.980Z","","",""
"1","384","39.458044","-82.578217","262.0","","11","0","2015-10-11T20:50:56.051Z","","",""
"1","385","39.458029","-82.57821","262.0","","10","0","2015-10-11T20:50:56.959Z","","",""
"1","386","39.457976","-82.578126","263.0","166.0","10","0.25","2015-10-11T20:52:04.399Z","","",""
"1","387","39.457968","-82.578119","265.0","166.0","10","0.5","2015-10-11T20:52:04.867Z","","",""
"1","388","39.457911","-82.578044","264.0","131.0","10","0.75","2015-10-11T20:52:10.953Z","","",""
"1","389","39.457897","-82.578034","264.0","131.0","10","0.75","2015-10-11T20:52:11.839Z","","",""
"1","390","39.457831","-82.577954","266.0","","11","0","2015-10-11T20:52:21.103Z","","",""
"1","391","39.45783","-82.577953","266.0","","11","0","2015-10-11T20:52:22.008Z","","",""
"1","392","39.45782","-82.577844","266.0","131.0","11","0.75","2015-10-11T20:52:33.028Z","","",""
"1","393","39.457815","-82.577827","265.0","131.0","11","0.75","2015-10-11T20:52:33.976Z","","",""
"1","394","39.457782","-82.57772","262.0","","10","0","2015-10-11T20:52:46.067Z","","",""
"1","395","39.457781","-82.577712","262.0","","10","0","2015-10-11T20:52:46.904Z","","",""
"1","396","39.457777","-82.577611","263.0","90.0","11","1","2015-10-11T20:52:57.764Z","","",""
"1","397","39.457772","-82.577586","265.0","100.0","11","1.25","2015-10-11T20:52:57.885Z","","",""
"1","398","39.457748","-82.577481","266.0","99.0","11","1.25","2015-10-11T20:53:02.762Z","","",""
"1","399","39.457744","-82.577458","265.0","97.0","11","1.25","2015-10-11T20:53:02.944Z","","",""
"1","400","39.457717","-82.577351","268.0","117.0","10","0.75","2015-10-11T20:53:09.975Z","","",""
"1","401","39.457708","-82.577346","268.0","143.0","10","0.75","2015-10-11T20:53:10.952Z","","",""
"1","402","39.457634","-82.577303","267.0","143.0","10","0.5","2015-10-11T20:53:27.072Z","","",""
"1","403","39.457622","-82.577291","266.0","","10","0","2015-10-11T20:53:27.902Z","","",""
"1","404","39.457537","-82.577261","264.0","143.0","11","0.75","2015-10-11T20:53:42.704Z","","",""
"1","405","39.457529","-82.577259","264.0","143.0","11","0.75","2015-10-11T20:53:43.042Z","","",""
"1","406","39.457452","-82.577212","262.0","","10","0","2015-10-11T20:53:55.064Z","","",""
"1","407","39.457444","-82.577212","260.0","","10","0","2015-10-11T20:53:55.936Z","","",""
"1","408","39.457356","-82.577198","259.0","","10","0","2015-10-11T20:54:22.050Z","","",""
"1","409","39.457353","-82.577198","260.0","","11","0","2015-10-11T20:54:23.006Z","","",""
"1","410","39.457271","-82.577194","257.0","143.0","11","0.5","2015-10-11T20:54:34.064Z","","",""
"1","411","39.457256","-82.57719","257.0","143.0","11","0.5","2015-10-11T20:54:34.877Z","","",""
"1","412","39.457173","-82.577183","256.0","","10","0","2015-10-11T20:54:39.947Z","","",""
"1","413","39.457164","-82.577187","257.0","","10","0","2015-10-11T20:54:40.851Z","","",""
"1","414","39.457088","-82.577241","259.0","","10","0","2015-10-11T20:54:58.945Z","","",""
"1","415","39.457085","-82.577248","258.0","","10","0","2015-10-11T20:54:59.885Z","","",""
"1","416","39.457003","-82.577292","254.0","143.0","10","0.5","2015-10-11T20:55:15.042Z","","",""
"1","417","39.456994","-82.577298","254.0","143.0","10","0.75","2015-10-11T20:55:15.870Z","","",""
"1","418","39.456911","-82.577323","254.0","","9","0","2015-10-11T20:55:23.439Z","","",""
"1","419","39.456906","-82.577327","254.0","","9","0","2015-10-11T20:55:23.945Z","","",""
"1","420","39.456828","-82.577271","263.0","143.0","6","0.75","2015-10-11T20:57:10.059Z","","",""
"1","421","39.45682","-82.577272","263.0","","5","0","2015-10-11T20:57:10.966Z","","",""
"1","422","39.456743","-82.577313","263.0","","5","0","2015-10-11T20:57:49.106Z","","",""
"1","423","39.456736","-82.577316","262.0","","5","0","2015-10-11T20:57:49.946Z","","",""
"1","424","39.45665","-82.577352","262.0","143.0","6","0.5","2015-10-11T20:58:02.034Z","","",""
"1","425","39.456641","-82.577352","262.0","143.0","6","0.5","2015-10-11T20:58:02.934Z","","",""
"1","426","39.456556","-82.577376","261.0","143.0","7","0.75","2015-10-11T20:58:10.984Z","","",""
"1","427","39.456548","-82.577384","261.0","143.0","6","0.5","2015-10-11T20:58:11.914Z","","",""
"1","428","39.456487","-82.577454","260.0","143.0","6","0.5","2015-10-11T20:58:20.971Z","","",""
"1","429","39.456477","-82.577459","261.0","143.0","6","0.5","2015-10-11T20:58:21.837Z","","",""
"1","430","39.456389","-82.577481","267.0","","5","0","2015-10-11T20:58:35.031Z","","",""
"1","431","39.456386","-82.577479","267.0","143.0","5","0.25","2015-10-11T20:58:35.980Z","","",""
"1","432","39.456327","-82.577406","267.0","143.0","7","0.5","2015-10-11T20:58:43.967Z","","",""
"1","433","39.456321","-82.577396","267.0","143.0","7","0.5","2015-10-11T20:58:44.872Z","","",""
"1","434","39.456254","-82.57732","264.0","","11","0","2015-10-11T20:58:56.025Z","","",""
"1","435","39.45625","-82.577315","264.0","","10","0","2015-10-11T20:58:56.915Z","","",""
"1","436","39.456181","-82.577261","264.0","128.0","11","0.75","2015-10-11T20:59:04.917Z","","",""
"1","437","39.456173","-82.577252","264.0","128.0","12","0.75","2015-10-11T20:59:05.854Z","","",""
"1","438","39.456141","-82.577149","262.0","128.0","10","0.5","2015-10-11T20:59:16.998Z","","",""
"1","439","39.456143","-82.577137","261.0","128.0","10","0.25","2015-10-11T20:59:18.196Z","","",""
"1","440","39.456145","-82.577023","256.0","128.0","10","0.5","2015-10-11T20:59:29.070Z","","",""
"1","441","39.456147","-82.577014","257.0","128.0","10","0.5","2015-10-11T20:59:29.956Z","","",""
"1","442","39.456144","-82.576903","258.0","128.0","11","0.5","2015-10-11T20:59:38.822Z","","",""
"1","443","39.456148","-82.57689","258.0","128.0","11","0.5","2015-10-11T20:59:38.983Z","","",""
"1","444","39.456207","-82.576814","262.0","128.0","10","0.5","2015-10-11T20:59:45.936Z","","",""
"1","445","39.456213","-82.576806","260.0","128.0","10","0.5","2015-10-11T20:59:46.875Z","","",""
"1","446","39.45627","-82.576728","261.0","128.0","12","0.75","2015-10-11T20:59:54.931Z","","",""
"1","447","39.456278","-82.576721","260.0","128.0","12","0.75","2015-10-11T20:59:55.953Z","","",""
"1","448","39.45627","-82.576611","262.0","","5","0","2015-10-11T21:01:54.555Z","","",""
"1","449","39.456269","-82.576603","262.0","","5","0","2015-10-11T21:01:54.970Z","","",""
"1","450","39.456218","-82.576508","263.0","","5","0","2015-10-11T21:02:42.980Z","","",""
"1","451","39.456208","-82.576493","264.0","","5","0","2015-10-11T21:02:43.857Z","","",""
"1","452","39.45613","-82.576455","263.0","128.0","10","0.5","2015-10-11T21:03:05.935Z","","",""
"1","453","39.456117","-82.576451","263.0","128.0","11","0.5","2015-10-11T21:03:06.866Z","","",""
"1","454","39.456036","-82.576423","259.0","128.0","11","0.5","2015-10-11T21:03:13.159Z","","",""
"1","455","39.456027","-82.576422","260.0","128.0","11","0.5","2015-10-11T21:03:13.980Z","","",""
"1","456","39.455941","-82.576448","263.0","","10","0","2015-10-11T21:03:21.029Z","","",""
"1","457","39.455933","-82.57645","263.0","","10","0","2015-10-11T21:03:21.953Z","","",""
"1","458","39.455845","-82.576431","268.0","128.0","10","0.25","2015-10-11T21:04:07.104Z","","",""
"1","459","39.45584","-82.57643","268.0","128.0","11","0.5","2015-10-11T21:04:07.887Z","","",""
"1","460","39.45575","-82.576419","269.0","","10","0","2015-10-11T21:04:18.982Z","","",""
"1","461","39.455743","-82.576415","269.0","","10","0","2015-10-11T21:04:19.868Z","","",""
"1","462","39.455665","-82.576362","266.0","","5","0","2015-10-11T21:04:29.003Z","","",""
"1","463","39.45566","-82.576356","266.0","","5","0","2015-10-11T21:04:29.975Z","","",""
"1","464","39.455599","-82.576282","267.0","129.0","5","0.75","2015-10-11T21:04:42.962Z","","",""
"1","465","39.455587","-82.576274","267.0","129.0","5","0.75","2015-10-11T21:04:43.875Z","","",""
"1","466","39.455514","-82.576214","263.0","129.0","8","0.75","2015-10-11T21:04:49.946Z","","",""
"1","467","39.455499","-82.576211","263.0","129.0","8","0.75","2015-10-11T21:04:50.867Z","","",""
"1","468","39.455426","-82.576183","262.0","155.0","8","1.25","2015-10-11T21:04:54.020Z","","",""
"1","469","39.455403","-82.576167","262.0","149.0","8","1.25","2015-10-11T21:04:54.923Z","","",""
"1","470","39.455325","-82.576136","258.0","159.0","6","1","2015-10-11T21:05:00.100Z","","",""
"1","471","39.455313","-82.576135","259.0","164.0","6","1","2015-10-11T21:05:00.895Z","","",""
"1","472","39.455267","-82.576041","260.0","120.0","6","0.75","2015-10-11T21:05:15.957Z","","",""
"1","473","39.455261","-82.576027","257.0","107.0","6","0.75","2015-10-11T21:05:16.871Z","","",""
"1","474","39.455219","-82.57593","259.0","112.0","10","0.75","2015-10-11T21:05:25.084Z","","",""
"1","475","39.455211","-82.575928","260.0","112.0","10","0.5","2015-10-11T21:05:25.895Z","","",""
"1","476","39.455123","-82.575916","260.0","112.0","10","0.75","2015-10-11T21:05:42.766Z","","",""
"1","477","39.455107","-82.575913","258.0","112.0","10","0.75","2015-10-11T21:05:42.917Z","","",""
"1","478","39.455025","-82.575886","254.0","147.0","10","0.75","2015-10-11T21:05:49.971Z","","",""
"1","479","39.455016","-82.575886","255.0","147.0","11","0.75","2015-10-11T21:05:50.892Z","","",""
"1","480","39.454943","-82.57585","257.0","142.0","11","0.75","2015-10-11T21:05:57.798Z","","",""
"1","481","39.454931","-82.575843","255.0","149.0","11","0.75","2015-10-11T21:05:57.976Z","","",""
"1","482","39.454851","-82.575807","260.0","","9","0","2015-10-11T21:06:15.065Z","","",""
"1","483","39.454844","-82.575806","260.0","","9","0","2015-10-11T21:06:15.944Z","","",""
"1","484","39.454756","-82.575791","256.0","140.0","10","0.25","2015-10-11T21:06:32.212Z","","",""
"1","485","39.454747","-82.575789","258.0","140.0","10","0.5","2015-10-11T21:06:32.889Z","","",""
"1","486","39.454661","-82.575759","260.0","","9","0","2015-10-11T21:06:42.897Z","","",""
"1","487","39.454654","-82.575759","260.0","","9","0","2015-10-11T21:06:43.868Z","","",""
"1","488","39.454577","-82.575764","262.0","140.0","10","0.5","2015-10-11T21:06:55.033Z","","",""
"1","489","39.45456","-82.575765","262.0","","10","0","2015-10-11T21:06:55.937Z","","",""
"1","490","39.454479","-82.575745","263.0","140.0","10","0.75","2015-10-11T21:07:04.937Z","","",""
"1","491","39.454469","-82.575738","263.0","140.0","10","0.75","2015-10-11T21:07:05.918Z","","",""
"1","492","39.454395","-82.5757","262.0","140.0","10","0.75","2015-10-11T21:07:11.921Z","","",""
"1","493","39.454384","-82.575697","263.0","140.0","10","0.75","2015-10-11T21:07:12.864Z","","",""
"1","494","39.4543","-82.575718","264.0","","9","0","2015-10-11T21:07:51.015Z","","",""
"1","495","39.454294","-82.575717","264.0","","9","0","2015-10-11T21:07:51.976Z","","",""
"1","496","39.454212","-82.575701","261.0","176.0","10","0.75","2015-10-11T21:08:03.733Z","","",""
"1","497","39.454199","-82.575696","262.0","167.0","10","0.75","2015-10-11T21:08:03.931Z","","",""
"1","498","39.45411","-82.575706","264.0","216.0","10","1","2015-10-11T21:08:12.077Z","","",""
"1","499","39.454101","-82.57571","263.0","197.0","10","1","2015-10-11T21:08:12.918Z","","",""
"1","500","39.454023","-82.575764","256.0","","9","0","2015-10-11T21:08:30.964Z","","",""
"1","501","39.454018","-82.575764","255.0","","9","0","2015-10-11T21:08:31.854Z","","",""
"1","502","39.453948","-82.575837","253.0","199.0","4","0.25","2015-10-11T21:09:10.984Z","","",""
"1","503","39.453943","-82.575838","253.0","199.0","4","0.25","2015-10-11T21:09:11.873Z","","",""
"1","504","39.453862","-82.575808","251.0","199.0","4","0.5","2015-10-11T21:09:23.935Z","","",""
"1","505","39.453853","-82.575805","252.0","","4","0","2015-10-11T21:09:24.856Z","","",""
"1","506","39.453782","-82.575747","252.0","199.0","5","0.5","2015-10-11T21:09:37.057Z","","",""
"1","507","39.453775","-82.575741","252.0","199.0","5","0.5","2015-10-11T21:09:37.875Z","","",""
"1","508","39.453715","-82.575668","250.0","199.0","5","0.75","2015-10-11T21:09:43.961Z","","",""
"1","509","39.453709","-82.575656","249.0","199.0","5","0.75","2015-10-11T21:09:44.871Z","","",""
"1","510","39.453675","-82.575559","244.0","199.0","5","0.75","2015-10-11T21:09:52.959Z","","",""
"1","511","39.453665","-82.575545","245.0","199.0","5","0.75","2015-10-11T21:09:53.856Z","","",""
"1","512","39.453603","-82.575468","243.0","","4","0","2015-10-11T21:10:01.966Z","","",""
"1","513","39.453598","-82.575462","243.0","","5","0","2015-10-11T21:10:02.843Z","","",""
"1","514","39.453594","-82.575354","243.0","56.0","10","1","2015-10-11T21:10:13.096Z","","",""
"1","515","39.453596","-82.575338","243.0","66.0","10","0.75","2015-10-11T21:10:13.920Z","","",""
"1","516","39.453647","-82.575248","241.0","22.0","10","0.75","2015-10-11T21:10:22.044Z","","",""
"1","517","39.453654","-82.575235","241.0","35.0","11","0.75","2015-10-11T21:10:22.935Z","","",""
"1","518","39.453699","-82.575142","242.0","54.0","10","0.75","2015-10-11T21:10:29.943Z","","",""
"1","519","39.453707","-82.57513","243.0","43.0","10","0.75","2015-10-11T21:10:30.921Z","","",""
"1","520","39.453775","-82.575067","244.0","27.0","10","0.75","2015-10-11T21:10:39.166Z","","",""
"1","521","39.453784","-82.575057","243.0","30.0","10","0.75","2015-10-11T21:10:39.821Z","","",""
"1","522","39.453855","-82.575005","240.0","10.0","10","0.75","2015-10-11T21:10:48.954Z","","",""
"1","523","39.453866","-82.575001","239.0","10.0","10","0.75","2015-10-11T21:10:49.854Z","","",""
"1","524","39.453928","-82.574942","242.0","10.0","11","0.5","2015-10-11T21:11:00.110Z","","",""
"1","525","39.45394","-82.574934","241.0","10.0","10","0.75","2015-10-11T21:11:00.989Z","","",""
"1","526","39.454028","-82.574933","237.0","6.0","13","1","2015-10-11T21:11:08.074Z","","",""
"1","527","39.45404","-82.574933","236.0","2.0","12","1","2015-10-11T21:11:08.843Z","","",""
"1","528","39.454127","-82.574959","241.0","","12","0","2015-10-11T21:11:16.980Z","","",""
"1","529","39.454134","-82.574958","244.0","349.0","11","0.25","2015-10-11T21:11:17.864Z","","",""
"1","530","39.454218","-82.574922","243.0","349.0","10","0.25","2015-10-11T21:11:31.952Z","","",""
"1","531","39.454223","-82.574919","243.0","349.0","10","0.25","2015-10-11T21:11:32.866Z","","",""
"1","532","39.454252","-82.574813","242.0","","10","0","2015-10-11T21:12:12.040Z","","",""
"1","533","39.454252","-82.574809","242.0","349.0","11","0.25","2015-10-11T21:12:12.912Z","","",""
"1","534","39.454266","-82.574702","240.0","349.0","11","0.75","2015-10-11T21:12:23.380Z","","",""
"1","535","39.454271","-82.57469","242.0","349.0","11","0.5","2015-10-11T21:12:23.955Z","","",""
"1","536","39.454301","-82.574583","239.0","","11","0","2015-10-11T21:12:33.403Z","","",""
"1","537","39.454303","-82.574579","239.0","","12","0","2015-10-11T21:12:33.854Z","","",""
"1","538","39.454381","-82.574558","241.0","","11","0","2015-10-11T21:12:51.943Z","","",""
"1","539","39.454392","-82.574557","241.0","","10","0","2015-10-11T21:12:53.030Z","","",""
"1","540","39.454477","-82.574568","238.0","","10","0","2015-10-11T21:13:04.952Z","","",""
"1","541","39.454484","-82.574569","238.0","349.0","11","0.25","2015-10-11T21:13:05.861Z","","",""
"1","542","39.454571","-82.574542","236.0","349.0","11","0.5","2015-10-11T21:13:21.055Z","","",""
"1","543","39.454572","-82.57453","235.0","349.0","10","0.5","2015-10-11T21:13:21.893Z","","",""
"1","544","39.45452","-82.574443","228.0","","10","0","2015-10-11T21:13:33.187Z","","",""
"1","545","39.454516","-82.574437","228.0","","10","0","2015-10-11T21:13:33.874Z","","",""
"1","546","39.454458","-82.574348","223.0","349.0","10","0.5","2015-10-11T21:13:46.918Z","","",""
"1","547","39.454449","-82.574344","222.0","349.0","10","0.5","2015-10-11T21:13:48.108Z","","",""
"1","548","39.454369","-82.574293","222.0","","10","0","2015-10-11T21:14:01.916Z","","",""
"1","549","39.454367","-82.574292","222.0","","10","0","2015-10-11T21:14:02.841Z","","",""
"1","550","39.454312","-82.574201","224.0","129.0","11","0.75","2015-10-11T21:14:18.934Z","","",""
"1","551","39.454302","-82.57419","222.0","129.0","11","0.75","2015-10-11T21:14:19.856Z","","",""
"1","552","39.454248","-82.574114","215.0","133.0","11","0.75","2015-10-11T21:14:23.952Z","","",""
"1","553","39.454239","-82.574094","216.0","133.0","11","0.75","2015-10-11T21:14:24.836Z","","",""
"1","554","39.454226","-82.573979","217.0","133.0","10","0.5","2015-10-11T21:14:33.314Z","","",""
"1","555","39.454223","-82.573972","216.0","133.0","10","0.5","2015-10-11T21:14:33.861Z","","",""
"1","556","39.454174","-82.573883","214.0","133.0","11","0.5","2015-10-11T21:15:48.946Z","","",""
"1","557","39.454172","-82.573871","215.0","133.0","11","0.5","2015-10-11T21:15:49.850Z","","",""
"1","558","39.454155","-82.573771","214.0","133.0","12","0.75","2015-10-11T21:15:55.940Z","","",""
"1","559","39.454155","-82.573751","214.0","133.0","12","0.75","2015-10-11T21:15:56.815Z","","",""
"1","560","39.454175","-82.57365","214.0","48.0","11","0.75","2015-10-11T21:16:02.740Z","","",""
"1","561","39.45418","-82.573634","216.0","54.0","11","0.75","2015-10-11T21:16:02.854Z","","",""
"1","562","39.454195","-82.573522","212.0","78.0","11","0.75","2015-10-11T21:16:09.923Z","","",""
"1","563","39.454194","-82.573504","214.0","78.0","11","0.75","2015-10-11T21:16:10.837Z","","",""
"1","564","39.454137","-82.573427","206.0","175.0","10","1","2015-10-11T21:16:25.923Z","","",""
"1","565","39.454124","-82.573427","203.0","175.0","11","1.25","2015-10-11T21:16:26.812Z","","",""
"1","566","39.454041","-82.573381","196.0","","10","0","2015-10-11T21:17:23.169Z","","",""
"1","567","39.454041","-82.573381","196.0","","10","0","2015-10-11T21:17:23.841Z","","",""
"1","568","39.453969","-82.573329","199.0","145.0","11","1","2015-10-11T21:17:33.926Z","","",""
"1","569","39.453955","-82.573308","200.0","146.0","11","1","2015-10-11T21:17:34.864Z","","",""
"1","570","39.453904","-82.573231","199.0","","11","0","2015-10-11T21:17:38.188Z","","",""
"1","571","39.453893","-82.573214","199.0","","10","0","2015-10-11T21:17:38.820Z","","",""
"1","572","39.45381","-82.57319","203.0","188.0","10","1","2015-10-11T21:17:49.048Z","","",""
"1","573","39.453795","-82.573188","198.0","186.0","10","1","2015-10-11T21:17:49.996Z","","",""
"1","574","39.453731","-82.573266","197.0","254.0","11","1","2015-10-11T21:17:58.962Z","","",""
"1","575","39.453724","-82.573282","198.0","248.0","11","1","2015-10-11T21:17:59.857Z","","",""
"1","576","39.453678","-82.573368","202.0","242.0","5","0.75","2015-10-11T21:18:08.938Z","","",""
"1","577","39.45367","-82.573382","201.0","237.0","5","0.75","2015-10-11T21:18:09.881Z","","",""
"1","578","39.453609","-82.573464","192.0","245.0","6","1","2015-10-11T21:18:17.912Z","","",""
"1","579","39.4536","-82.573471","191.0","235.0","6","1","2015-10-11T21:18:18.855Z","","",""
"1","580","39.453513","-82.573482","186.0","223.0","10","0.25","2015-10-11T21:19:43.205Z","","",""
"1","581","39.453509","-82.573478","182.0","223.0","10","0.25","2015-10-11T21:19:43.842Z","","",""
"1","582","39.453454","-82.573392","182.0","223.0","4","0.5","2015-10-11T21:20:05.045Z","","",""
"1","583","39.45345","-82.573386","181.0","223.0","4","0.5","2015-10-11T21:20:05.888Z","","",""
"1","584","39.453377","-82.573325","179.0","223.0","4","0.75","2015-10-11T21:20:15.862Z","","",""
"1","585","39.453367","-82.573324","179.0","172.0","5","0.75","2015-10-11T21:20:16.840Z","","",""
"1","586","39.453286","-82.573275","179.0","144.0","4","1","2015-10-11T21:20:26.037Z","","",""
"1","587","39.453282","-82.573264","178.0","137.0","4","1","2015-10-11T21:20:26.850Z","","",""
"1","588","39.453226","-82.573178","178.0","140.0","5","0.75","2015-10-11T21:20:36.002Z","","",""
"1","589","39.453219","-82.573169","179.0","139.0","4","0.75","2015-10-11T21:20:36.943Z","","",""
"1","590","39.453183","-82.573063","179.0","116.0","4","0.75","2015-10-11T21:20:47.964Z","","",""
"1","591","39.453181","-82.573051","179.0","119.0","5","0.75","2015-10-11T21:20:48.951Z","","",""
"1","592","39.453166","-82.572936","179.0","109.0","8","0.75","2015-10-11T21:20:58.995Z","","",""
"1","593","39.453167","-82.572927","180.0","108.0","6","0.75","2015-10-11T21:20:59.837Z","","",""
"1","594","39.453169","-82.572812","183.0","76.0","5","0.75","2015-10-11T21:21:10.874Z","","",""
"1","595","39.453173","-82.572803","184.0","77.0","5","0.75","2015-10-11T21:21:11.808Z","","",""
"1","596","39.45314","-82.572699","186.0","105.0","4","0.75","2015-10-11T21:21:25.995Z","","",""
"1","597","39.45314","-82.572691","186.0","105.0","4","0.75","2015-10-11T21:21:26.847Z","","",""
"1","598","39.453144","-82.572576","188.0","99.0","4","0.75","2015-10-11T21:21:40.037Z","","",""
"1","599","39.453144","-82.572564","189.0","100.0","4","0.75","2015-10-11T21:21:40.890Z","","",""
"1","600","39.45317","-82.572453","186.0","","4","0","2015-10-11T21:22:06.860Z","","",""
"1","601","39.453173","-82.572452","186.0","","4","0","2015-10-11T21:22:07.817Z","","",""
"1","602","39.453183","-82.572497","186.0","","4","0","2015-10-11T21:23:48.023Z","","",""
